Model,Price,Miles,Transmission,RunsOn,Option1Ex,Option2Ex,Color1Ex,Color2Ex,Option1In,Option2In
Integra Acura,72504,39,Standard,Gas,Off-Road Suspension,Sunroof,Red,Blue,Bose Speakers,GPS
ILX Acura,257594,37,Standard,Gas,Off-Road Suspension,Sunroof,Red,Blue,Bose Speakers,GPS
MDX Acura,75836,35,Standard,Gas,Off-Road Suspension,Sunroof,Red,Blue,Bose Speakers,GPS
MDX Sport Hybrid Acura,143394,59,Standard,Gas,Off-Road Suspension,Sunroof,Red,Blue,Bose Speakers,GPS
NSX Acura,95173,22,Standard,Gas,Off-Road Suspension,Sunroof,Red,Blue,Bose Speakers,GPS
RDX Acura,305897,49,Standard,Gas,Off-Road Suspension,Sunroof,Red,Blue,Bose Speakers,GPS
RLX Acura,20391,37,Standard,Gas,Off-Road Suspension,Sunroof,Red,Blue,Bose Speakers,GPS
RLX Sport Hybrid Acura,438182,24,Standard,Gas,Off-Road Suspension,Sunroof,Red,Blue,Bose Speakers,GPS
TLX Acura,241087,24,Standard,Gas,Off-Road Suspension,Sunroof,Red,Blue,Bose Speakers,GPS
4C Spider Alfa Romeo,192943,66,Standard,Gas,Sunroof,Off-Road Suspension,White,Black,GPS,Leather Seats
Giulia Alfa Romeo,80962,30,Standard,Gas,Sunroof,Off-Road Suspension,White,Black,GPS,Leather Seats
Stelvio Alfa Romeo,89602,43,Standard,Gas,Sunroof,Off-Road Suspension,White,Black,GPS,Leather Seats
A3 Audi,195499,51,Standard,Gas,Off-Road Suspension,Sunroof,Silver,Black,GPS,Leather Seats
A4 Audi,60548,57,Standard,Gas,Off-Road Suspension,Sunroof,Silver,Black,GPS,Leather Seats
A5 Audi,11987,26,Standard,Gas,Off-Road Suspension,Sunroof,Silver,Black,GPS,Leather Seats
A6 Audi,46049,56,Standard,Gas,Off-Road Suspension,Sunroof,Silver,Black,GPS,Leather Seats
A6 allroad Audi,156824,35,Standard,Gas,Off-Road Suspension,Sunroof,Silver,Black,GPS,Leather Seats
A7 Audi,13582,76,Standard,Gas,Off-Road Suspension,Sunroof,Silver,Black,GPS,Leather Seats
Q3 Audi,100316,43,Standard,Gas,Off-Road Suspension,Sunroof,Silver,Black,GPS,Leather Seats
Q5 Audi,237506,77,Standard,Gas,Off-Road Suspension,Sunroof,Silver,Black,GPS,Leather Seats
Q7 Audi,403739,35,Standard,Gas,Off-Road Suspension,Sunroof,Silver,Black,GPS,Leather Seats
Q8 Audi,285135,72,Standard,Gas,Off-Road Suspension,Sunroof,Silver,Black,GPS,Leather Seats
R8 Audi,391530,43,Standard,Gas,Off-Road Suspension,Sunroof,Silver,Black,GPS,Leather Seats
S4 Audi,240859,43,Standard,Gas,Off-Road Suspension,Sunroof,Silver,Black,GPS,Leather Seats
S8 Audi,487800,36,Standard,Gas,Off-Road Suspension,Sunroof,Silver,Black,GPS,Leather Seats
SQ5 Audi,392017,69,Standard,Gas,Off-Road Suspension,Sunroof,Silver,Black,GPS,Leather Seats
TT Audi,66124,50,Standard,Diesel,Off-Road Suspension,Sunroof,Silver,Black,GPS,Leather Seats
2 Series BMW,292299,23,Standard,Diesel,Tow Hitch,Off-Road Suspension,Black,White,Power Seats,GPS
3 Series BMW,35142,75,Standard,Diesel,Tow Hitch,Off-Road Suspension,Black,White,Power Seats,GPS
4 Series BMW,292068,52,Standard,Diesel,Tow Hitch,Off-Road Suspension,Black,White,Power Seats,GPS
5 Series BMW,433989,74,Standard,Diesel,Tow Hitch,Off-Road Suspension,Black,White,Power Seats,GPS
7 Series BMW,295305,29,Standard,Diesel,Tow Hitch,Off-Road Suspension,Black,White,Power Seats,GPS
8 Series BMW,291605,73,Standard,Diesel,Tow Hitch,Off-Road Suspension,Black,White,Power Seats,GPS
M2 BMW,30944,23,Standard,Diesel,Tow Hitch,Off-Road Suspension,Black,White,Power Seats,GPS
X1 BMW,455005,35,Standard,Diesel,Tow Hitch,Off-Road Suspension,Black,White,Power Seats,GPS
X2 BMW,181143,23,Standard,Diesel,Tow Hitch,Off-Road Suspension,Black,White,Power Seats,GPS
X3 BMW,33513,44,Standard,Diesel,Tow Hitch,Off-Road Suspension,Black,White,Power Seats,GPS
X3 M BMW,142586,27,Standard,Diesel,Tow Hitch,Off-Road Suspension,Black,White,Power Seats,GPS
X4 BMW,153957,23,Standard,Diesel,Tow Hitch,Off-Road Suspension,Black,White,Power Seats,GPS
X5 BMW,444505,76,Standard,Diesel,Tow Hitch,Off-Road Suspension,Black,White,Power Seats,GPS
X6 BMW,165991,39,Standard,Diesel,Tow Hitch,Off-Road Suspension,Black,White,Power Seats,GPS
X7 BMW,410112,69,Standard,Diesel,Tow Hitch,Off-Road Suspension,Black,White,Power Seats,GPS
Z4 BMW,244071,80,Standard,Natural Gas,Tow Hitch,Off-Road Suspension,Black,White,Power Seats,GPS
Enclave Buick,206015,20,Standard,Natural Gas,Sunroof,Back Camera,Black,White,Power Seats,GPS
Encore Buick,60389,51,Standard,Natural Gas,Sunroof,Back Camera,Black,White,Power Seats,GPS
Encore GX Buick,258427,37,Standard,Natural Gas,Sunroof,Back Camera,Black,White,Power Seats,GPS
Envision Buick,458221,32,Standard,Natural Gas,Sunroof,Back Camera,Black,White,Power Seats,GPS
Regal Sportback Buick,19051,40,Standard,Natural Gas,Sunroof,Back Camera,Black,White,Power Seats,GPS
Regal TourX Buick,483173,41,Standard,Natural Gas,Sunroof,Back Camera,Black,White,Power Seats,GPS
CT4 Cadillac,365235,61,Standard,Natural Gas,Back Camera,Sunroof,Blue,Red,Heated Seats,GPS
CT5 Cadillac,330006,61,Standard,Natural Gas,Back Camera,Sunroof,Blue,Red,Heated Seats,GPS
CT6 Cadillac,95524,78,Standard,Natural Gas,Back Camera,Sunroof,Blue,Red,Heated Seats,GPS
CT6-V Cadillac,485761,63,Standard,Natural Gas,Back Camera,Sunroof,Blue,Red,Heated Seats,GPS
Escalade Cadillac,314559,45,Standard,Natural Gas,Back Camera,Sunroof,Blue,Red,Heated Seats,GPS
Escalade ESV Cadillac,285677,38,Standard,Natural Gas,Back Camera,Sunroof,Blue,Red,Heated Seats,GPS
XT4 Cadillac,46670,72,Standard,Natural Gas,Back Camera,Sunroof,Blue,Red,Heated Seats,GPS
XT5 Cadillac,46757,33,Standard,Natural Gas,Back Camera,Sunroof,Blue,Red,Heated Seats,GPS
XT6 Cadillac,293209,42,Standard,Natural Gas,Back Camera,Sunroof,Blue,Red,Heated Seats,GPS
Blazer Chevrolet,201809,78,Standard,Natural Gas,Back Camera,Sunroof,Blue,Red,Heated Seats,GPS
Bolt EV Chevrolet,27353,37,Standard,Natural Gas,Back Camera,Sunroof,Blue,Red,Heated Seats,GPS
Camaro Chevrolet,187952,65,Standard,Natural Gas,Back Camera,Sunroof,Blue,Red,Heated Seats,GPS
Colorado Crew Cab Chevrolet,193079,50,Standard,Gas,Back Camera,Sunroof,Blue,Red,Leather Seats,GPS
Colorado Extended Cab Chevrolet,387754,71,Standard,Gas,Back Camera,Sunroof,Blue,Red,Leather Seats,GPS
Corvette Chevrolet,211976,68,Standard,Gas,Back Camera,Sunroof,Blue,Red,Leather Seats,GPS
Equinox Chevrolet,53099,26,Standard,Gas,Back Camera,Sunroof,Blue,Red,Leather Seats,GPS
Express 2500 Cargo Chevrolet,496174,69,Standard,Gas,Back Camera,Sunroof,Blue,Red,Leather Seats,GPS
Express 3500 Cargo Chevrolet,269525,78,Standard,Gas,Back Camera,Sunroof,Blue,Red,Leather Seats,GPS
Impala Chevrolet,49439,57,Standard,Gas,Back Camera,Sunroof,Blue,Red,Leather Seats,GPS
Malibu Chevrolet,475863,44,Standard,Gas,Back Camera,Sunroof,Blue,Red,Leather Seats,GPS
Silverado 1500 Crew Cab Chevrolet,51801,26,Standard,Gas,Back Camera,Sunroof,Blue,Red,Leather Seats,GPS
Silverado 1500 Double Cab Chevrolet,122093,33,Standard,Gas,Back Camera,Sunroof,Blue,Red,Leather Seats,GPS
Silverado 1500 Regular Cab Chevrolet,273194,62,Standard,Gas,Back Camera,Sunroof,Blue,Red,Leather Seats,GPS
Silverado 2500 HD Crew Cab Chevrolet,432944,79,Standard,Gas,Back Camera,Sunroof,Blue,Red,Leather Seats,GPS
Silverado 2500 HD Double Cab Chevrolet,60057,38,Standard,Gas,Back Camera,Sunroof,Blue,Red,Leather Seats,GPS
Silverado 3500 HD Crew Cab Chevrolet,152191,52,Standard,Gas,Back Camera,Sunroof,Blue,Red,Leather Seats,GPS
Sonic Chevrolet,39007,41,Standard,Gas,Back Camera,Sunroof,Blue,Red,Leather Seats,GPS
Spark Chevrolet,321068,35,Standard,Gas,Back Camera,Sunroof,Blue,Red,Leather Seats,GPS
Suburban Chevrolet,225086,20,Standard,Gas,Back Camera,Sunroof,Blue,Red,Leather Seats,GPS
Tahoe Chevrolet,296103,36,Standard,Gas,Back Camera,Sunroof,Blue,Red,Leather Seats,GPS
Traverse Chevrolet,46932,48,Standard,Gas,Back Camera,Sunroof,Blue,Red,Leather Seats,GPS
Trax Chevrolet,421706,62,Standard,Gas,Back Camera,Sunroof,Blue,Red,Leather Seats,GPS
300 Chrysler,86936,76,Standard,Gas,Back Camera,Sunroof,Blue,Red,Leather Seats,GPS
Pacifica Chrysler,32611,40,Standard,Gas,Back Camera,Sunroof,Blue,Red,Leather Seats,GPS
Pacifica Hybrid Chrysler,334682,73,Standard,Gas,Back Camera,Sunroof,Blue,Red,Leather Seats,GPS
Voyager Chrysler,128645,78,Standard,Gas,Tow Hitch,Back Camera,Red,Blue,GPS,Bose Speakers
Challenger Dodge,111401,48,Standard,Gas,Tow Hitch,Back Camera,Red,Blue,GPS,Bose Speakers
Charger Dodge,497253,43,Standard,Gas,Tow Hitch,Back Camera,Red,Blue,GPS,Bose Speakers
Durango Dodge,336521,70,Standard,Gas,Tow Hitch,Back Camera,Red,Blue,GPS,Bose Speakers
Grand Caravan Passenger Dodge,397627,60,Standard,Gas,Sunroof,Off-Road Suspension,Silver,Blue,GPS,Bose Speakers
Journey Dodge,373036,21,Standard,Gas,Sunroof,Off-Road Suspension,Silver,Blue,GPS,Bose Speakers
124 Spider FIAT,85919,46,Standard,Gas,Off-Road Suspension,Sunroof,Silver,Blue,GPS,Bose Speakers
500L FIAT,239292,52,Standard,Gas,Off-Road Suspension,Sunroof,Silver,Blue,GPS,Bose Speakers
500X FIAT,235083,68,Standard,Gas,Off-Road Suspension,Sunroof,Silver,Blue,GPS,Bose Speakers
EcoSport Ford,263888,69,Standard,Gas,Sunroof,Off-Road Suspension,White,Red,Power Seats,Heated Seats
Edge Ford,268365,40,Standard,Gas,Sunroof,Off-Road Suspension,White,Red,Power Seats,Heated Seats
Escape Ford,379612,50,Standard,Gas,Sunroof,Off-Road Suspension,White,Red,Power Seats,Heated Seats
Expedition Ford,345295,49,Standard,Gas,Sunroof,Off-Road Suspension,White,Red,Power Seats,Heated Seats
Expedition MAX Ford,178318,39,Standard,Gas,Sunroof,Off-Road Suspension,White,Red,Power Seats,Heated Seats
Explorer Ford,386944,71,Standard,Diesel,Sunroof,Off-Road Suspension,White,Red,Power Seats,Heated Seats
F150 Regular Cab Ford,193488,22,Standard,Diesel,Sunroof,Off-Road Suspension,White,Red,Power Seats,Heated Seats
F150 Super Cab Ford,439100,55,Standard,Diesel,Sunroof,Off-Road Suspension,White,Red,Power Seats,Heated Seats
F150 SuperCrew Cab Ford,307831,37,Standard,Diesel,Sunroof,Off-Road Suspension,White,Red,Power Seats,Heated Seats
F250 Super Duty Crew Cab Ford,467021,22,Standard,Diesel,Sunroof,Off-Road Suspension,White,Red,Power Seats,Heated Seats
F250 Super Duty Regular Cab Ford,182143,45,Standard,Diesel,Sunroof,Off-Road Suspension,White,Red,Power Seats,Heated Seats
F250 Super Duty Super Cab Ford,209713,70,Standard,Diesel,Sunroof,Off-Road Suspension,White,Red,Power Seats,Heated Seats
F350 Super Duty Crew Cab Ford,112392,70,Standard,Diesel,Sunroof,Off-Road Suspension,White,Red,Power Seats,Heated Seats
F350 Super Duty Super Cab Ford,73621,22,Standard,Diesel,Sunroof,Off-Road Suspension,White,Red,Power Seats,Heated Seats
F450 Super Duty Crew Cab Ford,159777,68,Standard,Diesel,Sunroof,Off-Road Suspension,White,Red,Power Seats,Heated Seats
Fusion Ford,404461,26,Automatic,Diesel,Sunroof,Off-Road Suspension,White,Red,Power Seats,Heated Seats
Fusion Plug-in Hybrid Ford,497602,29,Automatic,Diesel,Sunroof,Off-Road Suspension,White,Red,Power Seats,Heated Seats
Mustang Ford,373509,22,Automatic,Diesel,Sunroof,Off-Road Suspension,White,Red,Power Seats,Heated Seats
Ranger SuperCab Ford,174540,76,Automatic,Diesel,Sunroof,Off-Road Suspension,White,Red,Power Seats,Heated Seats
Ranger SuperCrew Ford,161202,69,Automatic,Diesel,Sunroof,Off-Road Suspension,White,Red,Power Seats,Heated Seats
Transit 250 Cargo Van Ford,82266,69,Automatic,Diesel,Sunroof,Off-Road Suspension,White,Red,Power Seats,Heated Seats
Transit 350 Passenger Van Ford,419708,72,Automatic,Diesel,Sunroof,Off-Road Suspension,White,Red,Power Seats,Heated Seats
Transit Connect Cargo Van Ford,121243,38,Automatic,Diesel,Sunroof,Off-Road Suspension,White,Red,Power Seats,Heated Seats
Transit Connect Passenger Wagon Ford,381840,68,Standard,Diesel,Sunroof,Off-Road Suspension,White,Red,Power Seats,Heated Seats
Sprinter 1500 Cargo Freightliner,161459,42,Standard,Diesel,Off-Road Suspension,Back Camera,Black,Blue,Bose Speakers,Power Seats
Sprinter 1500 Passenger Freightliner,221894,36,Standard,Diesel,Off-Road Suspension,Back Camera,Black,Blue,Bose Speakers,Power Seats
Sprinter 2500 Cargo Freightliner,437295,66,Standard,Diesel,Off-Road Suspension,Back Camera,Black,Blue,Bose Speakers,Power Seats
Sprinter 2500 Crew Freightliner,232484,45,Standard,Diesel,Off-Road Suspension,Back Camera,Black,Blue,Bose Speakers,Power Seats
Sprinter 2500 Passenger Freightliner,270675,52,Standard,Diesel,Off-Road Suspension,Back Camera,Black,Blue,Bose Speakers,Power Seats
Sprinter 3500 Cargo Freightliner,361781,24,Standard,Diesel,Off-Road Suspension,Back Camera,Black,Blue,Bose Speakers,Power Seats
Sprinter 3500 Crew Freightliner,230875,53,Standard,Diesel,Off-Road Suspension,Back Camera,Black,Blue,Bose Speakers,Power Seats
Sprinter 3500 XD Crew Freightliner,164017,71,Standard,Diesel,Off-Road Suspension,Back Camera,Black,Blue,Bose Speakers,Power Seats
Sprinter 3500XD Cargo Freightliner,211293,47,Standard,Diesel,Off-Road Suspension,Back Camera,Black,Blue,Bose Speakers,Power Seats
Sprinter 4500 Cargo Freightliner,228692,67,Standard,Diesel,Off-Road Suspension,Back Camera,Black,Blue,Bose Speakers,Power Seats
Sprinter 4500 Crew Freightliner,275830,38,Standard,Gas,Off-Road Suspension,Back Camera,Black,Blue,Bose Speakers,Power Seats
G70 Genesis,13726,69,Standard,Gas,Back Camera,Off-Road Suspension,Red,Black,GPS,Leather Seats
G80 Genesis,124555,65,Automatic,Gas,Back Camera,Off-Road Suspension,Red,Black,GPS,Leather Seats
G90 Genesis,446045,40,Automatic,Gas,Back Camera,Off-Road Suspension,Red,Black,GPS,Leather Seats
Acadia GMC,154962,45,Standard,Gas,Sunroof,Off-Road Suspension,Red,Black,GPS,Leather Seats
Canyon Crew Cab GMC,433199,79,Standard,Gas,Sunroof,Off-Road Suspension,Red,Black,GPS,Leather Seats
Sierra 1500 Crew Cab GMC,270075,36,Standard,Gas,Sunroof,Off-Road Suspension,Red,Black,GPS,Leather Seats
Sierra 1500 Double Cab GMC,496271,32,Standard,Gas,Sunroof,Off-Road Suspension,Red,Black,GPS,Leather Seats
Sierra 1500 Regular Cab GMC,183131,39,Standard,Gas,Sunroof,Off-Road Suspension,Red,Black,GPS,Leather Seats
Sierra 2500 HD Crew Cab GMC,99693,74,Standard,Gas,Sunroof,Off-Road Suspension,Red,Black,GPS,Leather Seats
Sierra 3500 HD Crew Cab GMC,437782,41,Standard,Gas,Sunroof,Off-Road Suspension,Red,Black,GPS,Leather Seats
Terrain GMC,315955,68,Standard,Gas,Sunroof,Off-Road Suspension,Red,Black,GPS,Leather Seats
Yukon GMC,141743,24,Standard,Gas,Sunroof,Off-Road Suspension,Red,Black,GPS,Leather Seats
Yukon XL GMC,445023,76,Standard,Gas,Sunroof,Off-Road Suspension,Red,Black,GPS,Leather Seats
Accord Honda,321293,21,Standard,Gas,Off-Road Suspension,Sunroof,Blue,White,GPS,Bose Speakers
Accord Hybrid Honda,293086,43,Standard,Gas,Off-Road Suspension,Sunroof,Blue,White,GPS,Bose Speakers
Civic Honda,351770,63,Standard,Gas,Off-Road Suspension,Sunroof,Blue,White,GPS,Bose Speakers
Civic Type R Honda,59040,25,Standard,Gas,Off-Road Suspension,Sunroof,Blue,White,GPS,Bose Speakers
Clarity Fuel Cell Honda,480258,64,Standard,Gas,Off-Road Suspension,Sunroof,Blue,White,GPS,Bose Speakers
Clarity Plug-in Hybrid Honda,369663,79,Standard,Gas,Off-Road Suspension,Sunroof,Blue,White,GPS,Bose Speakers
CR-V Honda,68766,52,Standard,Gas,Off-Road Suspension,Sunroof,Blue,White,GPS,Bose Speakers
CR-V Hybrid Honda,172162,49,Standard,Gas,Off-Road Suspension,Sunroof,Blue,White,GPS,Bose Speakers
Fit Honda,278735,56,Standard,Gas,Off-Road Suspension,Sunroof,Blue,White,GPS,Bose Speakers
HR-V Honda,460016,48,Standard,Gas,Off-Road Suspension,Sunroof,Blue,White,GPS,Bose Speakers
Insight Honda,260087,74,Standard,Gas,Off-Road Suspension,Sunroof,Blue,White,GPS,Bose Speakers
Odyssey Honda,10056,63,Standard,Gas,Off-Road Suspension,Sunroof,Blue,White,GPS,Bose Speakers
Passport Honda,259575,20,Standard,Gas,Off-Road Suspension,Sunroof,Blue,White,GPS,Bose Speakers
Pilot Honda,446473,49,Standard,Gas,Off-Road Suspension,Sunroof,Blue,White,GPS,Bose Speakers
Ridgeline Honda,201425,33,Standard,Gas,Off-Road Suspension,Sunroof,Blue,White,GPS,Bose Speakers
Accent Hyundai,20054,56,Standard,Gas,Back Camera,Tow Hitch,Blue,White,GPS,Bose Speakers
Elantra Hyundai,166181,67,Standard,Gas,Back Camera,Tow Hitch,Blue,White,GPS,Bose Speakers
Elantra GT Hyundai,198825,73,Standard,Gas,Back Camera,Tow Hitch,Blue,White,GPS,Bose Speakers
Ioniq Electric Hyundai,58827,66,Standard,Gas,Back Camera,Tow Hitch,Blue,White,GPS,Bose Speakers
Ioniq Hybrid Hyundai,127384,28,Standard,Gas,Back Camera,Tow Hitch,Blue,White,GPS,Bose Speakers
Ioniq Plug-in Hybrid Hyundai,496839,30,Standard,Gas,Back Camera,Tow Hitch,Blue,White,GPS,Bose Speakers
Kona Hyundai,151408,20,Standard,Gas,Back Camera,Tow Hitch,Blue,White,GPS,Bose Speakers
Kona Electric Hyundai,467708,34,Standard,Electric,Back Camera,Tow Hitch,Blue,White,GPS,Bose Speakers
NEXO Hyundai,420245,69,Standard,Gas,Back Camera,Tow Hitch,Blue,White,GPS,Bose Speakers
Palisade Hyundai,155109,34,Standard,Gas,Back Camera,Tow Hitch,Blue,White,GPS,Bose Speakers
Santa Fe Hyundai,475579,24,Standard,Gas,Back Camera,Tow Hitch,Blue,White,GPS,Bose Speakers
Sonata Hyundai,71778,62,Standard,Gas,Back Camera,Tow Hitch,Blue,White,GPS,Bose Speakers
Sonata Hybrid Hyundai,258233,54,Standard,Gas,Back Camera,Tow Hitch,Blue,White,GPS,Bose Speakers
Tucson Hyundai,447313,47,Standard,Gas,Back Camera,Tow Hitch,Blue,White,GPS,Bose Speakers
Veloster Hyundai,174156,40,Standard,Gas,Back Camera,Tow Hitch,Blue,White,GPS,Bose Speakers
Venue Hyundai,262604,31,Standard,Gas,Back Camera,Tow Hitch,Blue,White,GPS,Bose Speakers
Q50 INFINITI,32502,74,Standard,Gas,Tow Hitch,Back Camera,Blue,White,GPS,Bose Speakers
Q60 INFINITI,422125,40,Standard,Gas,Tow Hitch,Back Camera,Blue,White,GPS,Bose Speakers
QX50 INFINITI,238683,37,Standard,Gas,Tow Hitch,Back Camera,Blue,White,GPS,Bose Speakers
QX60 INFINITI,152306,33,Standard,Gas,Tow Hitch,Back Camera,Blue,White,GPS,Bose Speakers
QX80 INFINITI,282249,59,Standard,Gas,Tow Hitch,Back Camera,Blue,White,GPS,Bose Speakers
E-PACE Jaguar,400084,49,Standard,Gas,Tow Hitch,Back Camera,Blue,White,GPS,Bose Speakers
F-PACE Jaguar,106491,42,Standard,Gas,Tow Hitch,Back Camera,Blue,White,GPS,Bose Speakers
F-TYPE Jaguar,482721,60,Standard,Gas,Tow Hitch,Back Camera,Blue,White,GPS,Bose Speakers
I-PACE Jaguar,200155,46,Standard,Gas,Tow Hitch,Back Camera,Blue,White,GPS,Bose Speakers
XE Jaguar,86055,43,Standard,Gas,Tow Hitch,Back Camera,Blue,White,GPS,Bose Speakers
XF Jaguar,93351,37,Standard,Gas,Tow Hitch,Back Camera,Blue,White,GPS,Bose Speakers
Cherokee Jeep,159914,76,Standard,Gas,Off-Road Suspension,Tow Hitch,White,Black,Leather Seats,Heated Seats
Compass Jeep,355637,70,Standard,Gas,Off-Road Suspension,Tow Hitch,White,Black,Leather Seats,Heated Seats
Gladiator Jeep,363587,35,Standard,Gas,Off-Road Suspension,Tow Hitch,White,Black,Leather Seats,Heated Seats
Grand Cherokee Jeep,263517,65,Standard,Gas,Off-Road Suspension,Tow Hitch,White,Black,Leather Seats,Heated Seats
Renegade Jeep,324350,28,Standard,Gas,Off-Road Suspension,Tow Hitch,White,Black,Leather Seats,Heated Seats
Wrangler Jeep,249402,41,Standard,Gas,Off-Road Suspension,Tow Hitch,White,Black,Leather Seats,Heated Seats
Wrangler Unlimited Jeep,17350,59,Standard,Gas,Off-Road Suspension,Tow Hitch,White,Black,Leather Seats,Heated Seats
Cadenza Kia,209170,25,Standard,Gas,Off-Road Suspension,Tow Hitch,White,Black,Leather Seats,Heated Seats
Forte Kia,145059,32,Standard,Gas,Off-Road Suspension,Tow Hitch,White,Black,Leather Seats,Heated Seats
K900 Kia,465439,51,Standard,Gas,Off-Road Suspension,Tow Hitch,White,Black,Leather Seats,Heated Seats
Niro Kia,10740,68,Standard,Gas,Off-Road Suspension,Tow Hitch,White,Black,Leather Seats,Heated Seats
Niro EV Kia,476536,26,Standard,Gas,Off-Road Suspension,Tow Hitch,White,Black,Leather Seats,Heated Seats
Niro Plug-in Hybrid Kia,379302,57,Standard,Gas,Off-Road Suspension,Tow Hitch,White,Black,Leather Seats,Heated Seats
Optima Kia,52809,42,Standard,Gas,Off-Road Suspension,Tow Hitch,White,Black,Leather Seats,Heated Seats
Optima Hybrid Kia,145223,62,Standard,Gas,Off-Road Suspension,Tow Hitch,White,Black,Leather Seats,Heated Seats
Optima Plug-in Hybrid Kia,77903,68,Standard,Gas,Off-Road Suspension,Tow Hitch,White,Black,Leather Seats,Heated Seats
Rio Kia,293312,51,Standard,Gas,Off-Road Suspension,Tow Hitch,White,Black,Leather Seats,Heated Seats
Sedona Kia,340915,35,Standard,Gas,Off-Road Suspension,Tow Hitch,White,Black,Leather Seats,Heated Seats
Sorento Kia,235019,27,Standard,Gas,Off-Road Suspension,Tow Hitch,White,Black,Leather Seats,Heated Seats
Soul Kia,369894,48,Standard,Gas,Off-Road Suspension,Tow Hitch,White,Black,Leather Seats,Heated Seats
Sportage Kia,470655,33,Standard,Gas,Off-Road Suspension,Tow Hitch,White,Black,Leather Seats,Heated Seats
Stinger Kia,347089,60,Automatic,Gas,Off-Road Suspension,Tow Hitch,White,Black,Leather Seats,Heated Seats
Telluride Kia,187976,51,Standard,Gas,Off-Road Suspension,Tow Hitch,White,Black,Leather Seats,Heated Seats
Defender 110 Land Rover,351500,45,Standard,Gas,Tow Hitch,Tow Hitch,White,Black,Leather Seats,Heated Seats
Defender 90 Land Rover,55426,37,Standard,Gas,Tow Hitch,Tow Hitch,White,Black,Leather Seats,Heated Seats
Discovery Land Rover,437182,45,Standard,Gas,Tow Hitch,Tow Hitch,White,Black,Leather Seats,Heated Seats
Discovery Sport Land Rover,404744,50,Automatic,Gas,Tow Hitch,Tow Hitch,White,Black,Leather Seats,Heated Seats
Range Rover Land Rover,62686,60,Standard,Gas,Tow Hitch,Tow Hitch,White,Black,Leather Seats,Heated Seats
Range Rover Evoque Land Rover,403360,29,Standard,Gas,Tow Hitch,Tow Hitch,White,Black,Leather Seats,Heated Seats
Range Rover Sport Land Rover,460138,76,Standard,Gas,Tow Hitch,Tow Hitch,White,Black,Leather Seats,Heated Seats
Range Rover Velar Land Rover,191045,51,Automatic,Gas,Tow Hitch,Tow Hitch,White,Black,Leather Seats,Heated Seats
ES Lexus,179337,71,Automatic,Gas,Sunroof,Tow Hitch,White,Black,Leather Seats,Heated Seats
GS Lexus,87308,21,Automatic,Gas,Sunroof,Tow Hitch,White,Black,Leather Seats,Heated Seats
GX Lexus,463850,57,Automatic,Gas,Sunroof,Tow Hitch,White,Black,Leather Seats,Heated Seats
IS Lexus,236343,75,Automatic,Gas,Sunroof,Tow Hitch,White,Black,Leather Seats,Heated Seats
LC Lexus,386755,31,Standard,Gas,Sunroof,Tow Hitch,White,Black,Leather Seats,Heated Seats
LS Lexus,297073,57,Standard,Gas,Sunroof,Tow Hitch,White,Black,Leather Seats,Heated Seats
LX Lexus,261758,75,Standard,Gas,Sunroof,Tow Hitch,White,Black,Leather Seats,Heated Seats
NX Lexus,243611,77,Standard,Gas,Sunroof,Tow Hitch,White,Black,Leather Seats,Heated Seats
RC Lexus,125150,70,Standard,Gas,Sunroof,Tow Hitch,White,Black,Leather Seats,Heated Seats
RX Lexus,234978,49,Standard,Gas,Sunroof,Tow Hitch,White,Black,Leather Seats,Heated Seats
UX Lexus,11079,63,Standard,Gas,Sunroof,Tow Hitch,White,Black,Leather Seats,Heated Seats
Aviator Lincoln,416620,61,Standard,Gas,Back Camera,Tow Hitch,White,Black,Leather Seats,Heated Seats
Continental Lincoln,140258,27,Standard,Gas,Back Camera,Tow Hitch,White,Black,Leather Seats,Heated Seats
Corsair Lincoln,491275,65,Standard,Gas,Back Camera,Tow Hitch,White,Black,Leather Seats,Heated Seats
MKZ Lincoln,472731,32,Standard,Gas,Back Camera,Tow Hitch,White,Black,Leather Seats,Heated Seats
Nautilus Lincoln,416310,73,Standard,Gas,Back Camera,Tow Hitch,White,Black,Leather Seats,Heated Seats
Navigator Lincoln,19152,68,Standard,Gas,Back Camera,Tow Hitch,White,Black,Leather Seats,Heated Seats
Navigator L Lincoln,87488,21,Automatic,Gas,Back Camera,Tow Hitch,White,Black,Leather Seats,Heated Seats
CX-3 MAZDA,301847,62,Automatic,Gas,Back Camera,Tow Hitch,White,Black,Leather Seats,Heated Seats
CX-30 MAZDA,477756,71,Automatic,Gas,Back Camera,Tow Hitch,White,Black,Leather Seats,Heated Seats
CX-5 MAZDA,376679,65,Automatic,Gas,Back Camera,Tow Hitch,White,Black,Leather Seats,Heated Seats
CX-9 MAZDA,344751,58,Automatic,Gas,Back Camera,Tow Hitch,White,Black,Leather Seats,Heated Seats
MAZDA3 MAZDA,121710,21,Standard,Gas,Back Camera,Tow Hitch,White,Black,Leather Seats,Heated Seats
MAZDA6 MAZDA,154184,58,Standard,Gas,Back Camera,Tow Hitch,White,Black,Leather Seats,Heated Seats
MX-5 Miata MAZDA,246778,31,Standard,Gas,Back Camera,Tow Hitch,White,Black,Leather Seats,Heated Seats
MX-5 Miata RF MAZDA,21679,42,Standard,Gas,Back Camera,Tow Hitch,White,Black,Leather Seats,Heated Seats
A-Class Mercedes-Benz,158256,77,Standard,Gas,Sunroof,Back Camera,Silver,Blue,Heated Seats,GPS
C-Class Mercedes-Benz,385523,72,Standard,Gas,Sunroof,Back Camera,Silver,Blue,Heated Seats,GPS
CLA Mercedes-Benz,427943,73,Standard,Gas,Sunroof,Back Camera,Silver,Blue,Heated Seats,GPS
CLS Mercedes-Benz,462838,27,Automatic,Gas,Sunroof,Back Camera,Silver,Blue,Heated Seats,GPS
E-Class Mercedes-Benz,356926,22,Automatic,Gas,Sunroof,Back Camera,Silver,Blue,Heated Seats,GPS
G-Class Mercedes-Benz,96176,78,Automatic,Gas,Sunroof,Back Camera,Silver,Blue,Heated Seats,GPS
GLA Mercedes-Benz,489227,79,Automatic,Gas,Sunroof,Back Camera,Silver,Blue,Heated Seats,GPS
GLB Mercedes-Benz,244216,34,Automatic,Gas,Sunroof,Back Camera,Silver,Blue,Heated Seats,GPS
GLC Mercedes-Benz,373178,45,Automatic,Gas,Sunroof,Back Camera,Silver,Blue,Heated Seats,GPS
GLE Mercedes-Benz,497843,29,Automatic,Gas,Sunroof,Back Camera,Silver,Blue,Heated Seats,GPS
GLS Mercedes-Benz,454449,69,Automatic,Gas,Sunroof,Back Camera,Silver,Blue,Heated Seats,GPS
Mercedes-AMG A-Class Mercedes-Benz,436707,59,Automatic,Gas,Sunroof,Back Camera,Silver,Blue,Heated Seats,GPS
Mercedes-AMG C-Class Mercedes-Benz,427211,48,Standard,Gas,Sunroof,Back Camera,Silver,Blue,Heated Seats,GPS
Mercedes-AMG CLS Mercedes-Benz,241632,41,Standard,Gas,Sunroof,Back Camera,Silver,Blue,Heated Seats,GPS
Mercedes-AMG GLC Mercedes-Benz,147799,68,Standard,Gas,Sunroof,Back Camera,Silver,Blue,Heated Seats,GPS
Mercedes-AMG GLC Coupe Mercedes-Benz,381572,39,Standard,Gas,Sunroof,Back Camera,Silver,Blue,Heated Seats,GPS
Metris WORKER Cargo Mercedes-Benz,408868,39,Standard,Gas,Sunroof,Back Camera,Silver,Blue,Heated Seats,GPS
Metris WORKER Passenger Mercedes-Benz,352057,34,Standard,Gas,Sunroof,Back Camera,Silver,Blue,Heated Seats,GPS
S-Class Mercedes-Benz,482949,48,Standard,Gas,Sunroof,Back Camera,Silver,Blue,Heated Seats,GPS
SLC Mercedes-Benz,368928,36,Standard,Gas,Sunroof,Back Camera,Silver,Blue,Heated Seats,GPS
Sprinter 1500 Cargo Mercedes-Benz,157238,76,Standard,Gas,Sunroof,Back Camera,Silver,Blue,Heated Seats,GPS
Sprinter 1500 Passenger Mercedes-Benz,488563,51,Standard,Gas,Sunroof,Back Camera,Silver,Blue,Heated Seats,GPS
Sprinter 2500 Cargo Mercedes-Benz,259250,67,Standard,Gas,Sunroof,Back Camera,Silver,Blue,Heated Seats,GPS
Sprinter 2500 Crew Mercedes-Benz,193028,71,Standard,Gas,Sunroof,Back Camera,Silver,Blue,Heated Seats,GPS
Sprinter 2500 Passenger Mercedes-Benz,219204,77,Standard,Gas,Sunroof,Back Camera,Silver,Blue,Heated Seats,GPS
Sprinter 3500 Cargo Mercedes-Benz,450499,65,Standard,Gas,Sunroof,Back Camera,Silver,Blue,Heated Seats,GPS
Sprinter 3500 Crew Mercedes-Benz,103695,40,Standard,Gas,Sunroof,Back Camera,Silver,Blue,Heated Seats,GPS
Sprinter 3500 XD Cargo Mercedes-Benz,408763,60,Standard,Gas,Sunroof,Back Camera,Silver,Blue,Heated Seats,GPS
Sprinter 3500 XD Crew Mercedes-Benz,275157,46,Standard,Gas,Sunroof,Back Camera,Silver,Blue,Heated Seats,GPS
Sprinter 4500 Cargo Mercedes-Benz,247967,54,Standard,Gas,Sunroof,Back Camera,Silver,Blue,Heated Seats,GPS
Sprinter 4500 Crew Mercedes-Benz,258011,71,Standard,Gas,Sunroof,Back Camera,Silver,Blue,Heated Seats,GPS
Clubman MINI,218862,75,Standard,Gas,Off-Road Suspension,Sunroof,Gray,Red,Heated Seats,GPS
Countryman MINI,304930,67,Standard,Gas,Off-Road Suspension,Sunroof,Gray,Red,Heated Seats,GPS
Hardtop 2 Door MINI,158575,35,Standard,Gas,Off-Road Suspension,Sunroof,Gray,Red,Heated Seats,GPS
Hardtop 4 Door MINI,488233,24,Standard,Gas,Off-Road Suspension,Sunroof,Gray,Red,Heated Seats,GPS
Eclipse Cross Mitsubishi,178794,35,Standard,Gas,Back Camera,Off-Road Suspension,Blue,Red,GPS,Power Seats
Mirage Mitsubishi,352427,70,Standard,Gas,Back Camera,Off-Road Suspension,Blue,Red,GPS,Power Seats
Mirage G4 Mitsubishi,28497,54,Standard,Gas,Back Camera,Off-Road Suspension,Blue,Red,GPS,Power Seats
Outlander Mitsubishi,212775,58,Standard,Gas,Back Camera,Off-Road Suspension,Blue,Red,GPS,Power Seats
Outlander PHEV Mitsubishi,80052,52,Standard,Gas,Back Camera,Off-Road Suspension,Blue,Red,GPS,Power Seats
Outlander Sport Mitsubishi,390732,32,Standard,Gas,Back Camera,Off-Road Suspension,Blue,Red,GPS,Power Seats
370Z Nissan,389380,51,Standard,Gas,Tow Hitch,Back Camera,Black,White,Leather Seats,GPS
Altima Nissan,153218,27,Standard,Gas,Tow Hitch,Back Camera,Black,White,Leather Seats,GPS
Armada Nissan,79774,32,Standard,Gas,Tow Hitch,Back Camera,Black,White,Leather Seats,GPS
Frontier Crew Cab Nissan,270248,71,Standard,Gas,Tow Hitch,Back Camera,Black,White,Leather Seats,GPS
Frontier King Cab Nissan,94232,78,Standard,Gas,Tow Hitch,Back Camera,Black,White,Leather Seats,GPS
GT-R Nissan,155561,30,Standard,Gas,Tow Hitch,Back Camera,Black,White,Leather Seats,GPS
Kicks Nissan,326696,25,Standard,Gas,Tow Hitch,Back Camera,Black,White,Leather Seats,GPS
LEAF Nissan,169710,40,Standard,Gas,Tow Hitch,Back Camera,Black,White,Leather Seats,GPS
Maxima Nissan,177801,66,Standard,Gas,Tow Hitch,Back Camera,Black,White,Leather Seats,GPS
Murano Nissan,220187,42,Standard,Gas,Tow Hitch,Back Camera,Black,White,Leather Seats,GPS
NV1500 Cargo Nissan,330819,70,Standard,Gas,Tow Hitch,Back Camera,Black,White,Leather Seats,GPS
NV200 Nissan,226065,57,Standard,Gas,Tow Hitch,Back Camera,Black,White,Leather Seats,GPS
NV2500 HD Cargo Nissan,217040,77,Standard,Gas,Tow Hitch,Back Camera,Black,White,Leather Seats,GPS
NV3500 HD Cargo Nissan,362294,59,Standard,Gas,Tow Hitch,Back Camera,Black,White,Leather Seats,GPS
NV3500 HD Passenger Nissan,376498,66,Standard,Gas,Tow Hitch,Back Camera,Black,White,Leather Seats,GPS
Pathfinder Nissan,353606,32,Standard,Gas,Tow Hitch,Back Camera,Black,White,Leather Seats,GPS
Rogue Nissan,436346,22,Standard,Gas,Tow Hitch,Back Camera,Black,White,Leather Seats,GPS
Rogue Sport Nissan,378885,34,Standard,Gas,Tow Hitch,Back Camera,Black,White,Leather Seats,GPS
Sentra Nissan,59920,62,Standard,Gas,Tow Hitch,Back Camera,Black,White,Leather Seats,GPS
Titan Crew Cab Nissan,224439,22,Standard,Gas,Tow Hitch,Back Camera,Black,White,Leather Seats,GPS
Titan King Cab Nissan,222482,79,Standard,Gas,Tow Hitch,Back Camera,Black,White,Leather Seats,GPS
TITAN XD Crew Cab Nissan,86338,72,Standard,Gas,Tow Hitch,Back Camera,Black,White,Leather Seats,GPS
Versa Nissan,364879,78,Standard,Gas,Tow Hitch,Back Camera,Black,White,Leather Seats,GPS
718 Boxster Porsche,277770,57,Standard,Gas,Off-Road Suspension,Tow Hitch,White,Red,GPS,Leather Seats
718 Cayman Porsche,228475,33,Standard,Gas,Off-Road Suspension,Tow Hitch,White,Red,GPS,Leather Seats
718 Spyder Porsche,133311,65,Standard,Gas,Off-Road Suspension,Tow Hitch,White,Red,GPS,Leather Seats
911 Porsche,328945,56,Standard,Gas,Off-Road Suspension,Tow Hitch,White,Red,GPS,Leather Seats
Cayenne Porsche,467695,45,Standard,Gas,Off-Road Suspension,Tow Hitch,White,Red,GPS,Leather Seats
Cayenne Coupe Porsche,71195,71,Standard,Gas,Off-Road Suspension,Tow Hitch,White,Red,GPS,Leather Seats
Macan Porsche,383338,49,Standard,Gas,Off-Road Suspension,Tow Hitch,White,Red,GPS,Leather Seats
Panamera Porsche,368851,73,Standard,Gas,Off-Road Suspension,Tow Hitch,White,Red,GPS,Leather Seats
Taycan Porsche,330655,25,Standard,Gas,Off-Road Suspension,Tow Hitch,White,Red,GPS,Leather Seats
1500 Classic Crew Cab Ram,489194,74,Standard,Gas,Tow Hitch,Back Camera,Red,Blue,GPS,Leather Seats
1500 Classic Quad Cab Ram,196212,52,Standard,Gas,Tow Hitch,Back Camera,Red,Blue,GPS,Leather Seats
1500 Crew Cab Ram,388692,20,Standard,Gas,Tow Hitch,Back Camera,Red,Blue,GPS,Leather Seats
1500 Quad Cab Ram,275216,23,Standard,Gas,Tow Hitch,Back Camera,Red,Blue,GPS,Leather Seats
2500 Crew Cab Ram,157727,34,Standard,Gas,Tow Hitch,Back Camera,Red,Blue,GPS,Leather Seats
3500 Crew Cab Ram,94726,42,Standard,Gas,Tow Hitch,Back Camera,Red,Blue,GPS,Leather Seats
ProMaster Cargo Van Ram,137782,47,Standard,Gas,Tow Hitch,Back Camera,Red,Blue,GPS,Leather Seats
ProMaster City Ram,298684,32,Standard,Gas,Tow Hitch,Back Camera,Red,Blue,GPS,Leather Seats
Ascent Subaru,350224,33,Standard,Gas,Back Camera,Tow Hitch,White,Black,GPS,Leather Seats
BRZ Subaru,425060,36,Standard,Gas,Back Camera,Tow Hitch,White,Black,GPS,Leather Seats
Crosstrek Subaru,221020,44,Standard,Gas,Back Camera,Tow Hitch,White,Black,GPS,Leather Seats
Forester Subaru,333323,25,Standard,Gas,Back Camera,Tow Hitch,White,Black,GPS,Leather Seats
Impreza Subaru,258510,65,Standard,Gas,Back Camera,Tow Hitch,White,Black,GPS,Leather Seats
Legacy Subaru,388137,51,Standard,Gas,Back Camera,Tow Hitch,White,Black,GPS,Leather Seats
Outback Subaru,431306,44,Standard,Gas,Back Camera,Tow Hitch,White,Black,GPS,Leather Seats
WRX Subaru,183400,36,Standard,Gas,Back Camera,Tow Hitch,White,Black,GPS,Leather Seats
Model 3 Tesla,353583,42,Automatic,Electric,Back Camera,Tow Hitch,White,Black,GPS,Leather Seats
Model S Tesla,429794,42,Automatic,Electric,Back Camera,Tow Hitch,White,Black,GPS,Leather Seats
Model X Tesla,140342,37,Automatic,Electric,Back Camera,Tow Hitch,White,Black,GPS,Leather Seats
Model Y Tesla,454685,75,Automatic,Electric,Back Camera,Tow Hitch,White,Black,GPS,Leather Seats
4Runner Toyota,422479,41,Automatic,Gas,Off-Road Suspension,Back Camera,Blue,Red,Leather Seats,Heated Seats
86 Toyota,485759,24,Automatic,Gas,Off-Road Suspension,Back Camera,Blue,Red,Leather Seats,Heated Seats
Avalon Toyota,69652,27,Automatic,Gas,Off-Road Suspension,Back Camera,Blue,Red,Leather Seats,Heated Seats
Avalon Hybrid Toyota,13030,30,Automatic,Gas,Off-Road Suspension,Back Camera,Blue,Red,Leather Seats,Heated Seats
Camry Toyota,278680,55,Automatic,Gas,Off-Road Suspension,Back Camera,Blue,Red,Leather Seats,Heated Seats
Camry Hybrid Toyota,427361,20,Automatic,Gas,Off-Road Suspension,Back Camera,Blue,Red,Leather Seats,Heated Seats
C-HR Toyota,223193,28,Automatic,Gas,Off-Road Suspension,Back Camera,Blue,Red,Leather Seats,Heated Seats
Corolla Toyota,133403,49,Automatic,Gas,Off-Road Suspension,Back Camera,Blue,Red,Leather Seats,Heated Seats
Corolla Hatchback Toyota,435577,69,Automatic,Gas,Off-Road Suspension,Back Camera,Blue,Red,Leather Seats,Heated Seats
Corolla Hybrid Toyota,133788,21,Automatic,Gas,Off-Road Suspension,Back Camera,Blue,Red,Leather Seats,Heated Seats
GR Supra Toyota,345109,64,Automatic,Gas,Off-Road Suspension,Back Camera,Blue,Red,Leather Seats,Heated Seats
Highlander Toyota,50807,50,Automatic,Gas,Off-Road Suspension,Back Camera,Blue,Red,Leather Seats,Heated Seats
Highlander Hybrid Toyota,357657,78,Automatic,Gas,Off-Road Suspension,Back Camera,Blue,Red,Leather Seats,Heated Seats
Land Cruiser Toyota,311313,74,Automatic,Gas,Off-Road Suspension,Back Camera,Blue,Red,Leather Seats,Heated Seats
Mirai Toyota,43202,43,Automatic,Electric,Off-Road Suspension,Back Camera,Blue,Red,Leather Seats,Heated Seats
Prius Toyota,343664,38,Automatic,Electric,Off-Road Suspension,Back Camera,Blue,Red,Leather Seats,Heated Seats
Prius Prime Toyota,181233,72,Automatic,Gas,Off-Road Suspension,Back Camera,Blue,Red,Leather Seats,Heated Seats
RAV4 Toyota,233813,52,Automatic,Gas,Off-Road Suspension,Back Camera,Blue,Red,Leather Seats,Heated Seats
RAV4 Hybrid Toyota,349678,76,Automatic,Gas,Off-Road Suspension,Back Camera,Blue,Red,Leather Seats,Heated Seats
Sequoia Toyota,347039,20,Automatic,Gas,Off-Road Suspension,Back Camera,Blue,Red,Leather Seats,Heated Seats
Sienna Toyota,364708,63,Automatic,Gas,Off-Road Suspension,Back Camera,Blue,Red,Leather Seats,Heated Seats
Tacoma Access Cab Toyota,203738,54,Automatic,Gas,Off-Road Suspension,Back Camera,Blue,Red,Leather Seats,Heated Seats
Tacoma Double Cab Toyota,492716,41,Automatic,Gas,Off-Road Suspension,Back Camera,Blue,Red,Leather Seats,Heated Seats
Tundra CrewMax Toyota,165476,69,Automatic,Gas,Off-Road Suspension,Back Camera,Blue,Red,Leather Seats,Heated Seats
Tundra Double Cab Toyota,490655,46,Automatic,Gas,Off-Road Suspension,Back Camera,Blue,Red,Leather Seats,Heated Seats
Yaris Toyota,380898,78,Automatic,Gas,Off-Road Suspension,Back Camera,Blue,Red,Leather Seats,Heated Seats
Yaris Hatchback Toyota,306603,52,Automatic,Gas,Off-Road Suspension,Back Camera,Blue,Red,Leather Seats,Heated Seats
Arteon Volkswagen,381137,49,Automatic,Gas,Sunroof,Off-Road Suspension,Gray,White,Bose Speakers,Power Seats
Atlas Volkswagen,462298,30,Automatic,Gas,Sunroof,Off-Road Suspension,Gray,White,Bose Speakers,Power Seats
Atlas Cross Sport Volkswagen,188605,57,Automatic,Gas,Sunroof,Off-Road Suspension,Gray,White,Bose Speakers,Power Seats
Golf Volkswagen,411937,80,Automatic,Gas,Sunroof,Off-Road Suspension,Gray,White,Bose Speakers,Power Seats
Golf GTI Volkswagen,194207,64,Automatic,Gas,Sunroof,Off-Road Suspension,Gray,White,Bose Speakers,Power Seats
Jetta Volkswagen,92772,21,Automatic,Gas,Sunroof,Off-Road Suspension,Gray,White,Bose Speakers,Power Seats
Jetta GLI Volkswagen,324204,73,Automatic,Gas,Sunroof,Off-Road Suspension,Gray,White,Bose Speakers,Power Seats
Passat Volkswagen,26768,67,Automatic,Gas,Sunroof,Off-Road Suspension,Gray,White,Bose Speakers,Power Seats
Tiguan Volkswagen,425319,73,Automatic,Gas,Sunroof,Off-Road Suspension,Gray,White,Bose Speakers,Power Seats
S60 Volvo,74681,63,Automatic,Gas,Sunroof,Off-Road Suspension,Gray,White,Bose Speakers,Power Seats
S90 Volvo,305594,47,Automatic,Gas,Sunroof,Off-Road Suspension,Gray,White,Bose Speakers,Power Seats
V60 Volvo,148769,26,Automatic,Gas,Sunroof,Off-Road Suspension,Gray,White,Bose Speakers,Power Seats
V90 Volvo,422227,29,Automatic,Gas,Sunroof,Off-Road Suspension,Gray,White,Bose Speakers,Power Seats
XC40 Volvo,152645,79,Automatic,Gas,Sunroof,Off-Road Suspension,Gray,White,Bose Speakers,Power Seats
XC60 Volvo,225763,79,Automatic,Gas,Sunroof,Off-Road Suspension,Gray,White,Bose Speakers,Power Seats
XC90 Volvo,230344,40,Automatic,Gas,Sunroof,Off-Road Suspension,Gray,White,Bose Speakers,Power Seats
